{"name":"OK AUTO: Redefining Rental Convenience","short_name":"OK AUTO","start_url":"/","scope":"https://okauto.app/","display":"fullscreen","display_override":["standalone","fullscreen"],"background_color":"#ffffff","theme_color":"#489efd","orientation":"portrait","lang":"en","icons":[{"src":"https://okauto.app/assets/images/logo_icon/Screenshot_2025-04-06_152847-removebg-preview%20(1).png","sizes":"192x192","type":"image/png","purpose":"any"},{"src":"https://okauto.app/assets/images/logo_icon/Screenshot_2025-04-06_152847-removebg-preview%20(2).png","sizes":"512x512","type":"image/png","purpose":"any maskable"}],"prefer_related_applications":true,"related_applications":[{"platform":"play","id":"com.okauto.app"}]}